tournament_id,team_id,team_name,squad_size,squad_perf_coverage,squad_elo_coverage,squad_avg_club_strength,squad_max_club_strength,squad_min_club_strength,squad_pct_elite_clubs,squad_n_clubs,squad_n_leagues,squad_avg_minutes,squad_total_minutes,squad_avg_goals,squad_total_goals,squad_avg_assists,squad_avg_appearances,squad_fwd_avg_goals,squad_fwd_avg_assists,squad_fwd_avg_minutes,squad_fwd_avg_strength,squad_mid_avg_goals,squad_mid_avg_assists,squad_mid_avg_minutes,squad_mid_avg_strength,squad_def_avg_minutes,squad_def_avg_goals,squad_def_avg_strength,squad_gk_avg_clean_sheets,squad_gk_avg_minutes,squad_gk_avg_goals_conceded,squad_gk_avg_strength,year
WC-2006,T-02,Angola,9,0.7777777777777778,0.5555555555555556,1526.3747460947002,1700.64794922,1441.86987305,0.0,5.0,4.0,218.57142857142858,1530.0,2.4285714285714284,17.0,0.42857142857142855,13.285714285714286,4.0,0.75,167.75,1547.500964355875,,,,,286.3333333333333,0.3333333333333333,1441.86987305,,,,,2006
WC-2006,T-03,Argentina,20,0.8,0.75,1827.9187125654666,1972.82653809,1727.44616699,0.3333333333333333,12.0,6.0,824.75,13196.0,7.0,112.0,2.375,35.8125,14.25,3.25,506.0,1907.995910645,9.6,4.6,692.2,1807.523999024,766.3333333333334,1.1666666666666667,1795.4897802744,14.0,3113.0,31.0,1771.72814941,2006
WC-2006,T-04,Australia,16,1.0,0.8125,1678.0948705418803,1864.28198242,1455.1146647144444,0.07692307692307693,11.0,7.0,1079.75,17276.0,3.9375,63.0,2.125,31.75,6.5,2.0,347.5,1666.7676323781482,5.4,4.2,1133.0,1643.184765624,1006.5,1.6666666666666667,1719.7963256825,17.0,4182.0,55.0,1719.82128906,2006
WC-2006,T-09,Brazil,20,0.9,0.85,1857.8777070905883,1972.82653809,1669.04333496,0.5882352941176471,10.0,9.0,1407.0,25326.0,7.388888888888889,133.0,4.444444444444445,39.166666666666664,15.75,5.25,475.5,1872.3415222175,12.5,10.5,1384.0,1913.4385376,1248.75,2.5,1808.27434431,19.5,3949.0,36.0,1891.44018555,2006
WC-2006,T-17,Costa Rica,8,0.625,0.125,1489.5193536936365,1489.5193536936365,1489.5193536936365,0.0,1.0,1.0,28.2,141.0,0.2,1.0,0.2,11.2,1.0,1.0,141.0,,0.0,0.0,0.0,,0.0,0.0,1489.5193536936365,,,,,2006
WC-2006,T-18,Croatia,16,0.9375,0.6875,1715.938036339063,1948.81884766,1535.78309631375,0.18181818181818182,9.0,6.0,949.5333333333333,14243.0,3.8666666666666667,58.0,2.0,28.0,18.0,7.0,674.5,1689.755859375,2.625,1.875,1030.625,1664.04439148005,469.6666666666667,0.3333333333333333,1842.8214925133334,9.0,1620.0,13.5,1647.1202460394445,2006
WC-2006,T-20,Czech Republic,17,0.8823529411764706,0.8235294117647058,1716.07609558125,1948.81884766,1535.78309631375,0.21428571428571427,12.0,7.0,1021.4,15321.0,3.6,54.0,3.6,31.866666666666667,6.0,3.0,419.6,1662.9001159675,4.0,7.75,1132.0,1758.8193969725,992.0,1.6,1679.4472473155001,22.0,3735.0,25.0,1940.9510498,2006
WC-2006,T-25,Ecuador,5,0.4,0.4,1617.1195096122729,1661.11169434,1573.1273248845455,0.0,2.0,2.0,0.0,0.0,0.0,0.0,0.0,11.5,,,,,0.0,0.0,0.0,1573.1273248845455,0.0,0.0,1661.11169434,,,,,2006
WC-2006,T-28,England,23,1.0,1.0,1801.6851032641305,1940.9510498,1487.481740315,0.5217391304347826,13.0,6.0,1017.0869565217391,23393.0,5.565217391304348,128.0,4.173913043478261,35.78260869565217,10.5,5.0,325.25,1755.0563354475,8.0,7.111111111111111,1042.4444444444443,1830.0336507166664,564.2857142857143,2.0,1862.4326695028572,8.666666666666666,2920.0,35.666666666666664,1637.066830105,2006
WC-2006,T-30,France,19,1.0,1.0,1826.6652645704212,1940.9510498,1642.17321777,0.5789473684210527,13.0,7.0,1143.0526315789473,21718.0,6.526315789473684,124.0,3.9473684210526314,41.31578947368421,21.25,5.5,556.5,1892.8326721175,5.6,6.2,705.6,1830.7373547358002,1124.625,1.375,1820.56933593625,16.0,3483.5,36.0,1708.5339385995,2006
WC-2006,T-31,Germany,17,0.9411764705882353,0.9411764705882353,1745.711219788125,1940.9510498,1555.8182373,0.125,11.0,4.0,1568.875,25102.0,5.75,92.0,4.25,37.875,14.0,8.0,583.0,1667.5982666,5.8,5.8,1464.0,1762.02841797,909.75,1.75,1764.6999511725,19.666666666666668,3937.0,37.666666666666664,1797.3481852233333,2006
WC-2006,T-32,Ghana,9,0.7777777777777778,0.7777777777777778,1647.7538721645672,1940.9510498,1445.59570312,0.14285714285714285,7.0,7.0,612.8571428571429,4290.0,4.857142857142857,34.0,3.142857142857143,30.142857142857142,8.5,3.0,160.5,1510.1002225009847,5.333333333333333,5.0,1053.0,1766.5317382800001,630.0,1.0,1768.88574219,2.0,180.0,0.0,1445.59570312,2006
WC-2006,T-38,Iran,5,1.0,1.0,1526.410677084,1720.52319336,1433.46371799,0.0,5.0,2.0,1034.8,5174.0,3.4,17.0,1.8,27.8,5.0,3.0,773.0,1611.13903809,3.0,1.5,1100.25,1505.2285868325,,,,,,,,2006
WC-2006,T-41,Italy,19,0.9473684210526315,0.9473684210526315,1824.5865587036667,1948.81884766,1660.29504395,0.5,7.0,3.0,992.3333333333334,17862.0,5.777777777777778,104.0,3.5,41.44444444444444,17.5,6.25,351.25,1822.15048218,5.0,5.4,1024.6,1869.202294924,805.2857142857143,1.2857142857142858,1803.4325727199287,13.0,2848.5,33.0,1791.95832214325,2006
WC-2006,T-42,Ivory Coast,18,0.8888888888888888,0.8333333333333334,1708.9730265300334,1940.9510498,1502.8855712885002,0.2,14.0,10.0,637.8125,10205.0,3.5,56.0,2.6875,30.75,12.666666666666666,7.0,765.3333333333334,1880.526611325,1.75,2.0,269.0,1665.1235992445,809.125,1.375,1713.77027587925,0.0,360.0,6.0,1502.8855712885002,2006
WC-2006,T-44,Japan,14,0.7142857142857143,0.5,1637.2964869907144,1720.52319336,1502.8855712885002,0.0,7.0,7.0,296.8,2968.0,1.9,19.0,1.7,16.1,2.3333333333333335,0.6666666666666666,338.0,1632.2410380049998,2.5,2.75,198.25,1633.9636637366666,387.0,0.6666666666666666,1662.46130371,,,,,2006
WC-2006,T-46,Mexico,19,0.9473684210526315,0.10526315789473684,1850.347229005,1972.82653809,1727.86791992,0.5,2.0,2.0,966.1666666666666,17391.0,3.7222222222222223,67.0,0.2222222222222222,29.833333333333332,10.666666666666666,0.3333333333333333,557.6666666666666,1727.86791992,4.125,0.0,882.25,,220.25,0.5,1972.82653809,6.0,2593.0,37.666666666666664,,2006
WC-2006,T-48,Netherlands,17,1.0,1.0,1782.5253259994117,1972.82653809,1668.16442871,0.35294117647058826,10.0,9.0,1027.9411764705883,17475.0,7.176470588235294,122.0,4.117647058823529,39.411764705882355,16.2,6.4,683.8,1789.31899414,9.0,5.5,724.0,1759.523742675,490.0,0.8333333333333334,1792.3924357100002,20.5,4110.0,41.5,1781.942993165,2006
WC-2006,T-55,Paraguay,15,0.5333333333333333,0.26666666666666666,1720.6334381095833,1837.66638184,1530.6810913083332,0.0,4.0,4.0,704.75,5638.0,7.875,63.0,1.75,34.125,11.4,1.8,458.6,1812.20324707,3.0,5.0,896.0,1530.6810913083332,1224.5,1.5,1727.44616699,,,,,2006
WC-2006,T-57,Poland,12,0.9166666666666666,0.8333333333333334,1510.5224120246944,1731.61279297,1301.23046875,0.0,10.0,6.0,1050.4545454545455,11555.0,2.272727272727273,25.0,0.45454545454545453,25.09090909090909,14.0,1.0,297.0,1338.86717987125,3.0,1.3333333333333333,358.6666666666667,1559.9878359198149,265.25,0.5,1504.5998967483335,15.0,3040.3333333333335,31.666666666666668,1524.19791412375,2006
WC-2006,T-58,Portugal,19,0.8421052631578947,0.8421052631578947,1770.7646636975,1972.82653809,1643.68554688,0.3125,12.0,7.0,1076.375,17222.0,4.5,72.0,3.125,34.3125,10.2,4.8,575.8,1721.3559570339999,4.666666666666667,7.666666666666667,1093.3333333333333,1835.8453369166666,1175.1666666666667,1.1666666666666667,1803.3132934566665,13.0,2006.0,14.5,1699.01953125,2006
WC-2006,T-67,Serbia and Montenegro,10,0.8,0.6,1786.884399415,1884.14453125,1662.46130371,0.3333333333333333,6.0,6.0,757.625,6061.0,3.125,25.0,1.875,27.25,6.0,2.0,198.0,,5.5,3.5,1059.0,1748.261413575,749.0,1.6,1806.195892335,,,,,2006
WC-2006,T-71,South Korea,18,0.8333333333333334,0.2777777777777778,1701.5824230978,1881.11254883,1560.98718262,0.2,5.0,4.0,924.0,13860.0,2.533333333333333,38.0,1.5333333333333334,25.533333333333335,5.75,1.0,646.75,1680.384893799,3.0,3.4,1480.6,1689.0017903666667,0.0,0.0,1760.52185059,5.666666666666667,1290.0,15.333333333333334,,2006
WC-2006,T-73,Spain,20,0.95,0.95,1861.8382722558947,1972.82653809,1680.90625,0.7368421052631579,9.0,4.0,1296.9473684210527,24642.0,4.842105263157895,92.0,2.526315789473684,43.0,16.0,3.0,460.3333333333333,1837.7198486333334,4.375,4.875,973.75,1882.557775879,1089.8333333333333,1.5,1841.9929809583334,24.5,4466.0,42.0,1874.6737670900002,2006
WC-2006,T-74,Sweden,11,1.0,0.7272727272727273,1728.839577993125,1972.82653809,1376.620310465,0.375,8.0,6.0,833.7272727272727,9171.0,4.454545454545454,49.0,3.3636363636363638,30.09090909090909,13.666666666666666,6.666666666666667,834.0,1855.4007568366667,2.0,3.25,857.25,1766.795898435,0.0,0.0,1677.15112305,7.0,3240.0,47.0,1376.620310465,2006
WC-2006,T-75,Switzerland,17,1.0,1.0,1683.7039501710328,1948.81884766,1462.716198729,0.23529411764705882,15.0,7.0,1287.2941176470588,21884.0,2.411764705882353,41.0,2.235294117647059,32.470588235294116,4.0,2.0,438.5,1665.47741699,5.4,4.0,764.6,1670.1213403338,922.0,0.8571428571428571,1754.981777517,12.0,3576.6666666666665,46.333333333333336,1552.177724879852,2006
WC-2006,T-77,Togo,13,0.9230769230769231,0.6153846153846154,1565.22430843775,1716.01867676,1433.46371799,0.0,6.0,3.0,331.0833333333333,3973.0,2.5,30.0,0.75,18.666666666666668,5.0,2.25,456.5,1556.1688476563752,2.5,0.0,491.75,1538.9113943591667,0.0,0.0,,0.0,180.0,3.0,1680.384893799,2006
WC-2006,T-78,Trinidad and Tobago,11,0.9090909090909091,0.45454545454545453,1486.4357360823335,1655.12280273,1382.8001912433335,0.0,5.0,3.0,901.3,9013.0,5.2,52.0,1.0,32.8,9.0,0.2,333.4,1464.7518954794443,2.0,3.5,1608.5,1382.8001912433335,924.5,1.5,,7.0,2280.0,32.0,1655.12280273,2006
WC-2006,T-79,Tunisia,9,1.0,1.0,1599.4029893293055,1727.86791992,1476.701015895,0.0,9.0,7.0,361.0,3249.0,0.8888888888888888,8.0,0.4444444444444444,22.11111111111111,0.0,0.0,0.0,1502.8855712885002,0.5,0.75,350.5,1559.8467665771875,461.75,1.5,1663.088566591625,,,,,2006
WC-2006,T-81,Ukraine,12,1.0,0.9166666666666666,1621.5276752823863,1948.81884766,1535.78309631375,0.09090909090909091,8.0,3.0,665.5,7986.0,5.833333333333333,70.0,4.0,28.5,11.0,5.5,486.5,1729.7900733959375,5.666666666666667,7.666666666666667,968.3333333333334,1591.5039164225,513.75,2.25,1535.78309631375,7.0,1080.0,10.0,1535.78309631375,2006
WC-2006,T-83,United States,17,0.7647058823529411,0.5882352941176471,1615.3615115695,1881.11254883,1433.46371799,0.1,9.0,6.0,1321.6153846153845,17181.0,1.8461538461538463,24.0,0.6153846153846154,25.153846153846153,1.0,0.0,210.0,,3.6,0.8,745.4,1614.5656382225,1363.0,1.25,1575.0961823666667,11.333333333333334,2597.3333333333335,29.0,1656.688005235,2006
WC-2010,T-01,Algeria,17,1.0,1.0,1625.1390434641205,1750.00952148,1417.441741943125,0.0,16.0,10.0,860.8235294117648,14634.0,2.4705882352941178,42.0,2.5294117647058822,25.941176470588236,4.666666666666667,3.3333333333333335,468.0,1526.512707519875,2.0,2.125,671.5,1672.0404869078125,1309.6666666666667,2.0,1611.9169535113208,,,,,2010
WC-2010,T-03,Argentina,21,0.7619047619047619,0.7142857142857143,1809.9085017914667,2018.15246582,1626.39025879,0.4,14.0,9.0,1175.8125,18813.0,9.875,158.0,4.5,37.5,30.5,9.75,592.5,1872.1523437525,4.6,6.6,901.2,1775.5973718281998,1135.6,2.6,1868.15283203,11.5,3129.5,40.5,1654.7099823005,2010
WC-2010,T-04,Australia,18,0.8888888888888888,0.7222222222222222,1616.8439710203786,1780.85253906,1470.710260564091,0.0,11.0,9.0,1193.3125,19093.0,3.875,62.0,3.0,32.25,10.5,3.5,473.5,1621.03540039,3.2857142857142856,3.5714285714285716,489.85714285714283,1615.083322235682,913.6,3.6,1623.9045715325,16.5,5074.5,69.5,1605.9090016654168,2010
WC-2010,T-09,Brazil,21,0.9047619047619048,0.8571428571428571,1833.2977091477778,2018.15246582,1699.4173584,0.2777777777777778,13.0,8.0,1377.1052631578948,26165.0,4.7368421052631575,90.0,4.157894736842105,39.31578947368421,11.0,7.0,436.0,1768.8327636733331,3.6666666666666665,3.8333333333333335,907.6666666666666,1805.03359375,1388.2857142857142,5.0,1874.6183035728573,15.333333333333334,3231.0,32.666666666666664,1848.4547932933335,2010
WC-2010,T-11,Cameroon,17,0.9411764705882353,0.9411764705882353,1700.1021570489445,1868.9987793,1487.9013875327778,0.0625,14.0,8.0,1275.9375,20415.0,2.5625,41.0,1.375,31.9375,7.0,2.0,315.0,1672.8519142446112,1.5,2.5,1271.0,1716.0629628506945,1444.2857142857142,2.0,1704.3893653657856,8.5,2138.0,30.0,1694.050680543,2010
WC-2010,T-13,Chile,19,0.8421052631578947,0.5789473684210527,1628.3703875091726,1748.33325195,1417.441741943125,0.0,10.0,9.0,1185.6875,18971.0,2.8125,45.0,3.125,27.1875,6.4,6.4,1012.0,1698.190115358875,1.6,3.4,1237.2,1630.8979936085227,998.25,1.25,1524.5579071065624,6.5,1866.0,25.0,1546.606012518182,2010
WC-2010,T-22,Denmark,20,1.0,0.9,1626.909743359858,1868.9987793,1450.5456848158335,0.1111111111111111,16.0,10.0,865.5,17310.0,3.6,72.0,2.4,28.05,9.666666666666666,4.0,340.3333333333333,1635.7591213675926,4.111111111111111,3.7777777777777777,400.55555555555554,1602.9554574153572,935.2,1.2,1717.8545336930997,7.666666666666667,2669.3333333333335,37.333333333333336,1522.3790486672224,2010
WC-2010,T-28,England,22,1.0,1.0,1815.0182092843183,1957.53771973,1641.08813477,0.4090909090909091,9.0,6.0,1225.0,26950.0,7.2727272727272725,160.0,5.863636363636363,40.77272727272727,23.666666666666668,6.333333333333333,570.0,1843.8127848299998,8.875,11.25,1047.875,1852.78619384875,840.0,2.25,1822.1235198975,8.333333333333334,3379.0,56.333333333333336,1666.561513265,2010
WC-2010,T-30,France,19,1.0,0.9473684210526315,1845.0622758667498,2018.15246582,1665.7008850105,0.5,10.0,6.0,1277.6315789473683,24275.0,4.894736842105263,93.0,3.6842105263157894,39.8421052631579,12.6,5.8,806.6,1864.943318177625,4.6,4.6,1047.4,1814.8728430181,400.0,1.1666666666666667,1894.5687459333333,19.0,4201.666666666667,44.666666666666664,1769.8570007335002,2010
WC-2010,T-31,Germany,20,1.0,1.0,1804.388671874,1895.79443359,1619.02001953,0.35,8.0,4.0,1549.05,30981.0,6.3,126.0,6.7,42.6,14.25,5.75,602.25,1831.2985839825,8.0,12.285714285714286,1021.0,1786.230398994286,1585.6666666666667,2.1666666666666665,1793.9710083,18.0,3970.3333333333335,42.333333333333336,1831.7134195966667,2010
WC-2010,T-32,Ghana,13,1.0,0.6923076923076923,1662.1206956662222,1929.38879395,1472.4416503900002,0.1111111111111111,9.0,7.0,461.15384615384613,5995.0,3.3076923076923075,43.0,1.6923076923076923,21.0,9.666666666666666,3.0,241.33333333333334,1580.70703125,1.8571428571428572,1.8571428571428572,579.4285714285714,1688.1850107843331,585.0,0.5,1668.56213379,1.0,45.0,0.0,,2010
WC-2010,T-33,Greece,14,1.0,1.0,1622.111125788122,1848.83557129,1417.441741943125,0.07142857142857142,11.0,6.0,1053.7142857142858,14752.0,3.5,49.0,2.5714285714285716,33.285714285714285,7.0,2.6666666666666665,544.6666666666666,1633.9508034027779,4.75,6.25,964.25,1632.0540039060313,1010.0,1.5,1643.6742655430207,16.0,3201.0,33.0,1417.441741943125,2010
WC-2010,T-35,Honduras,8,1.0,0.625,1667.7335290502,1786.95031738,1598.52099609,0.0,4.0,2.0,883.25,7066.0,1.625,13.0,1.25,23.625,2.6666666666666665,1.0,139.0,1671.64562988,1.3333333333333333,1.6666666666666667,1187.0,1689.5003397603334,1544.0,0.5,1598.52099609,,,,,2010
WC-2010,T-41,Italy,22,1.0,1.0,1712.6677617855455,1829.02526855,1669.99816895,0.0,10.0,3.0,1263.5,27797.0,5.363636363636363,118.0,2.6363636363636362,36.45454545454545,17.0,4.5,235.5,1699.508270265,4.0,3.625,1027.125,1737.36239624125,1297.7142857142858,2.5714285714285716,1700.7909345344285,12.333333333333334,3184.6666666666665,45.0,1692.0739888503333,2010
WC-2010,T-42,Ivory Coast,18,0.8888888888888888,0.7777777777777778,1767.0367241271786,2018.15246582,1369.82582601,0.2857142857142857,12.0,8.0,956.0625,15297.0,5.875,94.0,3.3125,31.25,19.25,7.5,481.75,1895.9664306633333,1.2,2.0,596.0,1809.8027038575,1484.2857142857142,1.5714285714285714,1687.3434329086429,,,,,2010
WC-2010,T-44,Japan,17,0.5882352941176471,0.23529411764705882,1712.685893249,1750.00952148,1665.7008850105,0.0,4.0,4.0,480.3,4803.0,2.6,26.0,3.1,20.1,5.5,4.0,703.5,1665.7008850105,2.3333333333333335,3.6666666666666665,465.1666666666667,1728.3475626618335,302.5,0.5,,,,,,2010
WC-2010,T-46,Mexico,18,0.9444444444444444,0.3333333333333333,1758.75491739925,2018.15246582,1621.03540039,0.3333333333333333,6.0,4.0,1056.8823529411766,17967.0,3.176470588235294,54.0,2.764705882352941,28.294117647058822,3.75,3.25,403.0,1745.017089845,6.0,5.5,685.75,1722.4004760755,853.6666666666666,2.5,1780.03161621,9.0,2830.0,40.333333333333336,,2010
WC-2010,T-48,Netherlands,19,1.0,1.0,1738.2018914468422,1942.41625977,1527.02441406,0.2631578947368421,15.0,8.0,1043.842105263158,19833.0,4.684210526315789,89.0,4.315789473684211,37.578947368421055,11.2,6.4,777.6,1840.6461669919997,5.0,7.8,640.2,1754.6630615239999,115.0,1.3333333333333333,1686.623250325,22.333333333333332,4018.0,35.0,1643.1834309866665,2010
WC-2010,T-49,New Zealand,16,0.875,0.4375,1507.1044660309524,1698.65991211,1369.82582601,0.0,7.0,4.0,666.9285714285714,9337.0,1.6428571428571428,23.0,1.9285714285714286,23.285714285714285,4.0,4.0,665.6666666666666,1514.0862630233332,0.75,2.75,440.0,1369.82582601,628.4,1.6,1545.8822157122222,3.5,1219.0,18.0,,2010
WC-2010,T-50,Nigeria,14,1.0,0.9285714285714286,1673.5145679170384,1780.85253906,1322.43066406,0.0,12.0,7.0,826.5,11571.0,4.714285714285714,66.0,1.8571428571428572,24.642857142857142,7.375,3.125,578.0,1683.1896427151876,2.0,0.5,1464.0,1748.958312985,1004.75,0.75,1597.41853841,,,,,2010
WC-2010,T-51,North Korea,3,0.3333333333333333,0.0,,,,,,,225.0,225.0,1.0,1.0,0.0,3.0,1.0,0.0,225.0,,,,,,,,,,,,,2010
WC-2010,T-55,Paraguay,14,0.6428571428571429,0.5714285714285714,1724.1830398556876,1804.29956055,1585.73498535,0.0,7.0,5.0,618.5555555555555,5567.0,8.0,72.0,2.4444444444444446,26.555555555555557,17.5,4.75,315.25,1772.5922851575,0.5,0.0,122.0,1750.00952148,1028.5,0.5,1615.34259033,5.0,2005.0,34.0,1722.4004760755,2010
WC-2010,T-58,Portugal,21,0.8095238095238095,0.8095238095238095,1801.0136822869779,1950.45263672,1417.441741943125,0.29411764705882354,11.0,10.0,851.4117647058823,14474.0,5.470588235294118,93.0,3.764705882352941,32.88235294117647,22.0,7.5,346.0,1880.52410889,5.666666666666667,4.5,1055.5,1764.55000203425,751.2857142857143,2.142857142857143,1860.746006557143,4.5,1095.0,11.0,1621.8311614965623,2010
WC-2010,T-66,Serbia,17,0.9411764705882353,0.8823529411764706,1704.7779317226666,1957.53771973,1230.3240661625,0.2,15.0,6.0,812.375,12998.0,5.25,84.0,3.5,32.875,10.333333333333334,3.3333333333333335,497.3333333333333,1586.1109110508332,6.0,4.0,669.1428571428571,1757.2120310475,1137.0,1.8333333333333333,1711.67734273375,,,,,2010
WC-2010,T-68,Slovakia,17,1.0,0.8235294117647058,1630.0075956344142,1848.83557129,1318.551994324375,0.07142857142857142,14.0,10.0,903.8823529411765,15366.0,3.2941176470588234,56.0,1.6470588235294117,28.352941176470587,8.666666666666666,2.3333333333333335,394.3333333333333,1672.17108154,5.4,3.4,442.6,1720.8010771008335,440.3333333333333,0.5,1650.6970078440152,15.0,3109.3333333333335,28.333333333333332,1344.1889101671875,2010
WC-2010,T-69,Slovenia,11,1.0,0.8181818181818182,1600.744622558301,1693.2382744683334,1318.551994324375,0.0,8.0,5.0,606.5454545454545,6672.0,3.3636363636363638,37.0,1.7272727272727273,29.727272727272727,7.75,2.5,487.25,1659.3197263362779,2.0,2.0,374.3333333333333,1395.4968223571877,0.0,0.0,1655.9168701171668,11.0,3600.0,58.0,1669.99816895,2010
WC-2010,T-70,South Africa,5,1.0,0.2,1780.85253906,1780.85253906,1780.85253906,0.0,1.0,1.0,770.6,3853.0,3.0,15.0,1.0,25.8,6.0,0.0,238.0,,7.0,4.0,983.0,1780.85253906,877.3333333333334,0.6666666666666666,,,,,,2010
WC-2010,T-71,South Korea,18,0.6111111111111112,0.2222222222222222,1703.81085205,1957.53771973,1581.04760742,0.25,4.0,4.0,500.27272727272725,5503.0,2.1818181818181817,24.0,1.8181818181818181,16.727272727272727,6.5,3.0,418.0,1651.60644531,3.0,4.0,532.0,1721.2123209633335,340.25,0.5,,4.5,855.0,11.0,,2010
WC-2010,T-73,Spain,21,1.0,1.0,1899.9244059257621,2018.15246582,1722.4004760755,0.6666666666666666,7.0,4.0,1501.7619047619048,31537.0,8.523809523809524,179.0,6.285714285714286,44.80952380952381,23.25,5.75,385.0,1847.689840698875,8.0,10.777777777777779,985.6666666666666,1886.193395997278,1495.2,2.8,1944.5016601579998,22.0,4550.0,42.333333333333336,1936.4680989600001,2010
WC-2010,T-75,Switzerland,19,1.0,1.0,1650.9011075919386,1780.85253906,1452.646484374,0.0,17.0,7.0,840.1052631578947,15962.0,4.368421052631579,83.0,2.3684210526315788,34.0,13.666666666666666,4.666666666666667,369.3333333333333,1705.819862646111,5.428571428571429,3.2857142857142856,823.5714285714286,1627.823503769143,381.0,0.5714285714285714,1647.0897504535,9.5,3211.0,50.5,1662.634338375,2010
WC-2010,T-83,United States,19,0.8947368421052632,0.7894736842105263,1652.8616950134444,1786.60595703,1450.5456848158335,0.0,13.0,9.0,1210.8235294117646,20584.0,1.9411764705882353,33.0,2.0588235294117645,26.235294117647058,6.0,5.0,813.5,1550.75158691,2.7142857142857144,2.857142857142857,930.2857142857143,1627.7083384193056,839.0,0.4,1643.5552022301665,8.666666666666666,2750.0,38.0,1752.7159322083335,2010
WC-2010,T-84,Uruguay,17,0.8235294117647058,0.7058823529411765,1718.8795201609166,1826.22058105,1651.60644531,0.0,11.0,8.0,852.0714285714286,11929.0,7.928571428571429,111.0,4.428571428571429,34.714285714285715,30.666666666666668,12.0,452.0,1718.463108317,0.5,1.5,187.0,1690.67305501,992.5,2.8333333333333335,1748.7590087880003,10.0,3870.0,49.0,1655.35070801,2010
WC-2014,T-01,Algeria,17,1.0,0.8235294117647058,1641.3593888648716,1803.2890625,1436.986132813,0.0,14.0,7.0,612.1176470588235,10406.0,3.4705882352941178,59.0,3.5294117647058822,29.529411764705884,11.0,7.333333333333333,387.0,1724.45629883,3.5,4.333333333333333,735.5,1679.8117163084,604.0,0.625,1590.1514664151714,,,,,2014
WC-2014,T-03,Argentina,18,0.9444444444444444,0.8888888888888888,1844.7857402785626,2075.05200195,1627.686956787,0.5625,9.0,9.0,753.3529411764706,12807.0,9.117647058823529,155.0,6.176470588235294,38.0,24.8,10.0,438.2,1861.269262694,5.0,10.75,616.5,1910.4196166975,845.5,1.8333333333333333,1847.642895506,5.0,1538.5,26.5,1665.1662933335,2014
WC-2014,T-04,Australia,19,0.9473684210526315,0.3684210526315789,1609.2097809325398,1912.11376953,1460.1671346038888,0.14285714285714285,7.0,6.0,912.1666666666666,16419.0,4.555555555555555,82.0,1.7777777777777777,29.333333333333332,14.0,4.5,245.0,1464.49597168,5.25,2.375,1038.375,1618.4015507446295,472.8333333333333,2.0,1460.1671346038888,10.5,2392.5,25.0,1742.300354005,2014
WC-2014,T-06,Belgium,20,1.0,1.0,1801.0110893249064,1975.5793457,1416.498641968125,0.35,15.0,12.0,1260.95,25219.0,4.65,93.0,3.75,37.95,11.666666666666666,6.666666666666667,335.3333333333333,1775.8905436166667,5.111111111111111,5.555555555555555,805.1111111111111,1811.3629014766666,761.0,2.4,1801.997140503625,16.666666666666668,4387.333333333333,53.666666666666664,1793.4327799466666,2014
WC-2014,T-08,Bosnia and Herzegovina,18,1.0,0.8888888888888888,1628.3447185939713,1954.13647461,1247.644630431875,0.0625,16.0,9.0,870.6666666666666,15672.0,4.888888888888889,88.0,3.3333333333333335,30.833333333333332,17.0,8.0,436.3333333333333,1790.923828125,6.6,5.0,505.0,1614.763376464,759.75,0.5,1602.7869369265377,10.5,2880.0,37.0,1589.171200223889,2014
WC-2014,T-09,Brazil,23,0.8260869565217391,0.782608695652174,1867.4224696683332,2075.05200195,1574.22518158,0.6111111111111112,13.0,8.0,1008.8421052631579,19168.0,5.2631578947368425,100.0,5.157894736842105,36.05263157894737,13.333333333333334,11.333333333333334,611.0,1778.6124140433333,6.0,5.285714285714286,1110.5714285714287,1849.9541887557145,1183.875,2.25,1916.01098632625,0.0,90.0,4.0,,2014
WC-2014,T-11,Cameroon,15,1.0,0.9333333333333333,1665.9736838928154,2024.54199219,1436.986132813,0.07142857142857142,14.0,10.0,713.2666666666667,10699.0,4.0,60.0,2.8666666666666667,31.533333333333335,9.2,3.2,217.6,1588.7760961902,2.25,2.25,581.0,1779.74017334,887.8,1.0,1652.1580800376832,4.0,2848.0,51.0,,2014
WC-2014,T-13,Chile,17,0.9411764705882353,0.7647058823529411,1735.6201660946474,2024.54199219,1492.2710520429166,0.23076923076923078,12.0,7.0,703.25,11252.0,4.6875,75.0,3.0625,33.0625,11.333333333333334,7.666666666666667,454.6666666666667,1818.5060038256668,4.5,3.125,585.875,1731.3227111825713,310.25,1.25,1604.5408696499583,15.0,3960.0,61.0,1779.2034301755,2014
WC-2014,T-16,Colombia,17,0.8235294117647058,0.8235294117647058,1677.19475533625,1845.08215332,1544.68737793,0.0,14.0,7.0,1002.4285714285714,14034.0,7.357142857142857,103.0,5.0,35.142857142857146,17.5,6.0,592.75,1722.87056121925,6.0,7.8,862.0,1694.4491943346998,1128.0,0.75,1643.07774505675,15.0,2841.0,27.0,1544.68737793,2014
WC-2014,T-17,Costa Rica,11,0.8181818181818182,0.6363636363636364,1618.387560526738,1779.2034301755,1412.1482035316667,0.0,7.0,7.0,830.6666666666666,7476.0,2.4444444444444446,22.0,2.5555555555555554,24.88888888888889,5.666666666666667,6.333333333333333,628.3333333333334,1617.9959182733335,3.0,1.0,451.0,1412.1482035316667,427.5,0.5,1641.68676758,18.0,3430.0,40.0,1779.2034301755,2014
WC-2014,T-18,Croatia,20,1.0,0.85,1705.8672467397355,2075.05200195,1565.89440918,0.11764705882352941,16.0,10.0,1224.7,24494.0,4.75,95.0,4.35,33.45,11.75,4.0,263.5,1724.857717515,5.285714285714286,7.571428571428571,1295.142857142857,1792.1190287259167,845.6666666666666,1.8333333333333333,1614.1454681399998,12.666666666666666,3100.0,37.0,1638.43540573,2014
WC-2014,T-25,Ecuador,13,0.8461538461538461,0.3076923076923077,1650.3571828209722,1857.4498291,1460.1671346038888,0.25,4.0,4.0,951.9090909090909,10471.0,6.181818181818182,68.0,3.0,30.454545454545453,9.333333333333334,1.0,560.6666666666666,,5.285714285714286,3.5714285714285716,944.5714285714286,1650.3571828209722,2177.0,3.0,,,,,,2014
WC-2014,T-28,England,23,1.0,1.0,1838.5367909313045,1954.13647461,1623.65026855,0.6521739130434783,9.0,4.0,1275.7391304347825,29342.0,6.3478260869565215,146.0,4.956521739130435,37.34782608695652,17.0,10.0,447.25,1832.7945861825,7.222222222222222,6.888888888888889,809.7777777777778,1871.1870252833332,1411.7142857142858,1.8571428571428572,1843.3197893414285,15.333333333333334,3461.0,41.0,1737.08203125,2014
WC-2014,T-30,France,23,1.0,1.0,1784.6284949261521,2075.05200195,1600.376525878,0.43478260869565216,16.0,7.0,1541.3478260869565,35451.0,6.130434782608695,141.0,4.695652173913044,39.69565217391305,20.0,8.75,460.25,1841.977676391375,5.875,6.5,1136.0,1717.389854431,1710.625,1.75,1855.2079467775,16.0,3612.3333333333335,47.666666666666664,1699.254089356,2014
WC-2014,T-31,Germany,23,1.0,1.0,1886.98464037,2075.05200195,1561.10803223,0.6956521739130435,11.0,7.0,1708.9130434782608,39305.0,4.956521739130435,114.0,4.6521739130434785,39.130434782608695,13.75,6.25,440.75,1866.04711914,6.142857142857143,7.571428571428571,1275.0,1943.7975202285713,1899.6666666666667,1.7777777777777777,1856.099392361111,14.333333333333334,3840.0,48.666666666666664,1874.9936930333333,2014
WC-2014,T-32,Ghana,16,1.0,0.75,1669.1177183789998,1895.77233887,1515.49853516,0.08333333333333333,10.0,5.0,570.625,9130.0,6.3125,101.0,2.625,30.625,19.0,3.6666666666666665,738.6666666666666,1728.68066406,4.0,2.4444444444444446,444.22222222222223,1663.5194185055557,729.0,2.0,1600.376525878,,,,,2014
WC-2014,T-33,Greece,19,1.0,1.0,1591.517849712965,1912.11376953,1391.8915947816668,0.05263157894736842,13.0,7.0,1101.3157894736842,20925.0,3.8421052631578947,73.0,2.9473684210526314,32.78947368421053,14.333333333333334,8.0,436.0,1596.7380777966666,2.5714285714285716,3.0,856.7142857142857,1540.5232088604764,1050.0,2.0,1683.6626382323611,10.0,2440.0,27.0,1520.9955399129447,2014
WC-2014,T-35,Honduras,9,1.0,0.4444444444444444,1604.5256958025002,1697.49499512,1547.9942627,0.0,4.0,3.0,299.55555555555554,2696.0,1.1111111111111112,10.0,0.7777777777777778,21.444444444444443,4.0,1.0,237.0,,0.8333333333333334,1.0,319.8333333333333,1614.5320231133335,0.0,0.0,1574.50671387,0.0,540.0,0.0,,2014
WC-2014,T-38,Iran,8,1.0,0.375,1592.2430522159048,1712.056837293889,1492.2710520429166,0.0,3.0,3.0,1121.375,8971.0,3.625,29.0,4.0,27.375,6.0,3.0,872.0,1492.2710520429166,4.25,6.25,1154.25,1572.4012673109091,0.0,0.0,,6.0,2610.0,48.0,1712.056837293889,2014
WC-2014,T-41,Italy,22,1.0,1.0,1764.9782381927273,1895.77233887,1565.89440918,0.4090909090909091,10.0,4.0,1182.1363636363637,26007.0,5.2272727272727275,115.0,4.136363636363637,39.54545454545455,15.75,8.25,630.75,1695.43106079,5.5,6.0,881.125,1787.206710815,622.5714285714286,1.1428571428571428,1775.0986328142858,19.666666666666668,4025.6666666666665,39.666666666666664,1774.8176269533333,2014
WC-2014,T-42,Ivory Coast,19,0.9473684210526315,0.8947368421052632,1685.2798852843398,1954.13647461,1480.8474053277778,0.11764705882352941,13.0,10.0,553.6666666666666,9966.0,6.0,108.0,3.5,29.055555555555557,9.428571428571429,4.714285714285714,495.2857142857143,1673.5842449839681,9.0,5.333333333333333,728.6666666666666,1785.8429361966666,556.2857142857143,1.4285714285714286,1653.8770751937143,0.0,419.0,0.0,,2014
WC-2014,T-44,Japan,22,0.7272727272727273,0.5,1699.5797137632323,1857.4498291,1480.8474053277778,0.09090909090909091,10.0,6.0,584.3125,9349.0,3.0,48.0,2.375,21.5,5.8,1.0,268.0,1595.8670010038888,1.6666666666666667,3.1666666666666665,622.3333333333334,1749.9136420344444,855.0,1.8,1700.79765625,,,,,2014
WC-2014,T-46,Mexico,22,0.9545454545454546,0.2727272727272727,1750.2780965155835,1785.93835449,1600.376525878,0.0,5.0,4.0,1465.5714285714287,30777.0,6.142857142857143,129.0,2.0,37.80952380952381,21.0,2.6666666666666665,775.3333333333334,,6.25,3.5,809.25,1780.52215576,1585.142857142857,2.2857142857142856,1779.2034301755,11.0,3627.0,48.333333333333336,1600.376525878,2014
WC-2014,T-48,Netherlands,19,1.0,0.9473684210526315,1693.1805830974938,2037.70324707,1562.77832031,0.1111111111111111,12.0,7.0,1388.0,26372.0,5.578947368421052,106.0,3.8421052631578947,36.1578947368421,14.0,8.8,641.8,1757.2516601539999,4.0,3.8,1318.8,1666.7662915048,1169.0,2.6666666666666665,1662.0181057427776,12.666666666666666,3185.0,39.0,1682.356736249,2014
WC-2014,T-50,Nigeria,13,1.0,0.9230769230769231,1655.140762582552,1917.49645996,1251.75012207,0.16666666666666666,11.0,9.0,799.2307692307693,10390.0,4.615384615384615,60.0,2.0,30.0,9.6,3.2,580.2,1558.543628539025,2.0,1.5,1319.5,1810.063644408875,552.75,1.0,1609.5721435533333,,,,,2014
WC-2014,T-58,Portugal,22,0.9545454545454546,0.8636363636363636,1795.78256386102,2075.05200195,1540.243957519375,0.3157894736842105,13.0,9.0,961.4285714285714,20190.0,5.476190476190476,115.0,3.619047619047619,32.904761904761905,23.333333333333332,7.666666666666667,341.3333333333333,1831.4662272133335,3.5,3.875,941.625,1721.8673008499106,515.1428571428571,1.5714285714285714,1864.054234094286,9.666666666666666,2675.6666666666665,26.0,1762.009643555,2014
WC-2014,T-62,Russia,17,1.0,0.9411764705882353,1647.600166798125,1737.07006836,1519.99060059,0.0,7.0,3.0,1161.9411764705883,19753.0,2.823529411764706,48.0,3.0588235294117645,29.352941176470587,6.75,6.25,396.0,1642.3154602075,2.75,3.0,1610.75,1649.4722773233334,631.8571428571429,1.4285714285714286,1626.9661233085715,13.5,3651.5,46.5,1727.580566405,2014
WC-2014,T-71,South Korea,21,0.6666666666666666,0.42857142857142855,1668.1889354186326,1785.93835449,1492.2710520429166,0.0,7.0,3.0,614.6428571428571,8605.0,1.9285714285714286,27.0,1.7142857142857142,20.142857142857142,3.75,1.75,239.5,1663.4220812756018,2.0,2.4,996.0,1650.1226852417499,533.4,0.4,1711.4717169869446,,,,,2014
WC-2014,T-73,Spain,22,1.0,1.0,1968.0259205207046,2075.05200195,1779.2034301755,0.9090909090909091,10.0,7.0,1202.1363636363637,26447.0,6.636363636363637,146.0,5.909090909090909,43.81818181818182,20.25,7.0,577.0,1973.2992858875,5.3,8.9,1082.7,1986.217834473,552.6,2.4,1964.1671752931002,15.666666666666666,3516.3333333333335,37.666666666666664,1906.78629557,2014
WC-2014,T-75,Switzerland,21,1.0,0.9523809523809523,1697.6358756170443,2037.70324707,1517.29918213,0.1,14.0,8.0,1115.6666666666667,23429.0,4.428571428571429,93.0,2.9047619047619047,35.285714285714285,13.25,4.0,562.75,1630.2800500946296,3.0,2.3333333333333335,797.8333333333334,1801.7708129866667,610.0,2.75,1657.739737702125,12.666666666666666,3837.0,47.666666666666664,1663.1115275066666,2014
WC-2014,T-83,United States,16,0.9375,0.625,1659.144923231189,1827.28186035,1497.95568848,0.0,10.0,5.0,1124.6666666666667,16870.0,4.0,60.0,2.1333333333333333,24.6,7.5,3.25,961.0,1576.2212727866665,5.5,3.0,300.75,1680.120697019,1028.0,1.6,1686.0965011046299,12.5,3341.5,49.0,1722.1272583,2014
WC-2014,T-84,Uruguay,20,0.85,0.8,1766.993162675628,1975.5793457,1414.8098532945455,0.4375,14.0,9.0,668.0588235294117,11357.0,5.588235294117647,95.0,2.6470588235294117,27.941176470588236,15.8,5.8,328.0,1738.8637029475115,1.2,1.8,799.8,1703.5443603519998,367.1666666666667,1.6666666666666667,1852.5709431966668,14.0,3515.0,41.0,1683.28833008,2014
WC-2018,T-03,Argentina,20,0.95,0.8,1856.05630493125,2027.20507812,1679.41601562,0.5625,11.0,9.0,1002.5263157894736,19048.0,9.473684210526315,180.0,4.7894736842105265,35.1578947368421,31.0,10.5,609.0,1980.6986389175,6.4,5.0,750.4,1841.8933105466667,925.0,3.0,1801.59602355875,10.5,2730.0,29.5,1835.65820312,2018
WC-2018,T-04,Australia,22,0.9545454545454546,0.6818181818181818,1511.202406955422,1723.6551452635,1251.456085205,0.0,15.0,10.0,963.047619047619,20224.0,3.9523809523809526,83.0,2.857142857142857,28.714285714285715,6.5,4.25,291.25,1450.7254463027111,4.6,4.4,1120.0,1553.1337644450332,184.8,1.6,1445.6287292490001,12.333333333333334,3790.0,52.666666666666664,1585.8275306982039,2018
WC-2018,T-06,Belgium,23,1.0,0.9565217391304348,1820.2665261007276,2027.20507812,1511.47729492,0.5454545454545454,16.0,8.0,991.5217391304348,22805.0,5.956521739130435,137.0,4.304347826086956,34.34782608695652,18.2,8.6,769.8,1830.3239843732001,4.25,5.125,419.75,1822.2909458714287,848.2857142857143,1.7142857142857142,1826.2113037114286,12.333333333333334,3220.0,42.333333333333336,1784.9093017566665,2018
WC-2018,T-09,Brazil,23,0.8260869565217391,0.782608695652174,1914.709219615868,2027.20507812,1581.177085875625,0.8333333333333334,11.0,8.0,1295.7894736842106,24620.0,8.210526315789474,156.0,6.473684210526316,42.05263157894737,17.0,11.6,819.0,1862.488615419125,9.833333333333334,7.5,982.6666666666666,1977.314526366,1035.6666666666667,2.0,1907.2894694033332,21.5,4207.5,41.5,1911.00671387,2018
WC-2018,T-16,Colombia,18,0.8333333333333334,0.6666666666666666,1795.3984110505,2027.20507812,1660.67199707,0.25,12.0,8.0,482.46666666666664,7237.0,5.6,84.0,3.466666666666667,29.533333333333335,17.0,5.0,450.0,1765.4835611966666,4.666666666666667,4.333333333333333,471.5,1832.9308288565,247.6,1.0,1773.4879455550001,9.0,1820.0,20.0,1822.65515137,2018
WC-2018,T-17,Costa Rica,13,0.6923076923076923,0.6153846153846154,1678.32773132475,2022.88867188,1419.66223145,0.125,8.0,5.0,718.1111111111111,6463.0,1.0,9.0,1.5555555555555556,22.666666666666668,2.0,1.0,105.0,1739.0696289060002,1.6666666666666667,2.6666666666666665,425.3333333333333,1723.063806153,325.5,0.5,1554.6339843765,10.0,3780.0,48.0,2022.88867188,2018
WC-2018,T-18,Croatia,21,1.0,0.9047619047619048,1776.0792694547697,2027.20507812,1448.0145806211112,0.3157894736842105,17.0,11.0,1165.7619047619048,24481.0,3.4285714285714284,72.0,3.4285714285714284,34.42857142857143,8.833333333333334,6.0,396.3333333333333,1756.6930908220002,2.4,4.8,1687.8,1902.474975586,490.57142857142856,1.0,1747.2291030899305,14.333333333333334,3410.0,40.666666666666664,1609.5310329855556,2018
WC-2018,T-22,Denmark,21,1.0,0.9523809523809523,1653.5596656868736,1913.50280762,1391.1266043521427,0.05,18.0,9.0,1339.5238095238096,28130.0,4.619047619047619,97.0,3.8095238095238093,36.95238095238095,8.428571428571429,5.571428571428571,580.5714285714286,1650.5832804359168,6.4,5.2,734.2,1724.1923120119002,1634.8333333333333,1.0,1622.6330573178054,10.666666666666666,3528.6666666666665,50.333333333333336,1603.6445757185475,2018
WC-2018,T-26,Egypt,11,1.0,0.7272727272727273,1645.9048177730156,1915.98413086,1401.993064880625,0.125,8.0,6.0,1164.090909090909,12805.0,7.909090909090909,87.0,4.818181818181818,34.90909090909091,15.75,6.25,548.75,1648.5935134902084,6.666666666666667,5.333333333333333,1154.0,1655.19244385,1572.6666666666667,1.3333333333333333,1637.0243713378331,6.0,2430.0,36.0,,2018
WC-2018,T-28,England,23,1.0,1.0,1853.0520069971085,1973.61560059,1627.80334473,0.6521739130434783,11.0,4.0,1094.4782608695652,25173.0,6.565217391304348,151.0,4.130434782608695,39.34782608695652,22.0,6.2,515.6,1857.902783206,6.0,6.4,884.0,1863.636743166,738.1,1.1,1896.282348635,10.333333333333334,3598.0,58.0,1683.2250142411667,2018
WC-2018,T-30,France,22,1.0,1.0,1869.4280950372727,2027.20507812,1662.46362305,0.5909090909090909,15.0,8.0,1428.2272727272727,31421.0,6.636363636363637,146.0,5.409090909090909,40.63636363636363,16.857142857142858,11.285714285714286,647.7142857142857,1853.9298444457143,5.25,5.75,1137.5,1888.93435669,1328.0,0.875,1879.324798585,18.0,3904.3333333333335,43.0,1853.19112142,2018
WC-2018,T-31,Germany,23,1.0,1.0,1840.8281037699999,2027.20507812,1550.64147949,0.5652173913043478,16.0,7.0,1144.4782608695652,26323.0,5.304347826086956,122.0,6.043478260869565,35.65217391304348,12.333333333333334,5.333333333333333,596.0,1677.81193034,6.888888888888889,9.11111111111111,675.7777777777778,1889.1127387166666,1564.125,2.875,1806.10884094,10.666666666666666,1980.0,18.0,1951.57507324,2018
WC-2018,T-37,Iceland,21,0.9523809523809523,0.8095238095238095,1520.1393479676972,1723.6551452635,1251.456085205,0.0,15.0,11.0,799.4,15988.0,3.25,65.0,2.3,26.1,7.666666666666667,2.0,328.6666666666667,1572.8947236803933,3.111111111111111,3.6666666666666665,714.5555555555555,1549.783191130021,476.0,2.3333333333333335,1466.8585222034721,6.5,2857.5,48.5,1391.1266043521427,2018
WC-2018,T-38,Iran,12,1.0,0.75,1517.8242377572637,1723.6551452635,1401.993064880625,0.0,8.0,6.0,977.5833333333334,11731.0,6.333333333333333,76.0,4.416666666666667,27.75,11.6,7.2,499.0,1567.9536219275417,5.0,4.0,609.6666666666666,1464.2704582203125,983.5,1.5,1491.585075378125,16.0,2720.0,19.5,1476.8925849083332,2018
WC-2018,T-44,Japan,22,0.8636363636363636,0.5909090909090909,1630.3680943676752,1765.39123535,1433.801622178889,0.0,12.0,7.0,409.2105263157895,7775.0,3.210526315789474,61.0,2.4210526315789473,24.05263157894737,7.666666666666667,3.6666666666666665,450.3333333333333,1615.3382161466668,3.7777777777777777,2.888888888888889,414.77777777777777,1619.6078405316296,388.5,0.6666666666666666,1657.7808837875,2.0,360.0,4.0,,2018
WC-2018,T-46,Mexico,23,0.8695652173913043,0.4782608695652174,1691.9996853308285,1765.65893555,1448.0145806211112,0.0,8.0,6.0,1031.65,20633.0,3.65,73.0,3.0,32.4,7.8,5.4,447.6,1689.8939941415001,4.5,3.8333333333333335,1237.1666666666667,1756.3499511720001,431.3333333333333,1.1666666666666667,1711.7853759786667,9.333333333333334,2794.6666666666665,35.0,1448.0145806211112,2018
WC-2018,T-47,Morocco,15,1.0,1.0,1630.4953288438703,2022.88867188,1433.801622178889,0.06666666666666667,14.0,8.0,782.2,11733.0,3.466666666666667,52.0,3.466666666666667,31.133333333333333,6.666666666666667,2.3333333333333335,358.0,1555.0128246166296,3.7142857142857144,6.142857142857143,955.0,1646.4515816822145,307.25,1.5,1632.0401895316666,9.0,2745.0,48.0,1739.0696289060002,2018
WC-2018,T-50,Nigeria,19,0.8947368421052632,0.7894736842105263,1588.6551007043477,1835.65820312,1306.1147809707145,0.0,14.0,11.0,894.4117647058823,15205.0,2.823529411764706,48.0,1.8823529411764706,28.88235294117647,6.25,4.75,713.25,1774.458465575,3.6,1.8,894.0,1536.7098716118096,766.0,0.7142857142857143,1508.0738817010279,16.0,2520.0,21.0,,2018
WC-2018,T-54,Panama,13,0.5384615384615384,0.07692307692307693,1477.660412598,1477.660412598,1477.660412598,0.0,1.0,1.0,461.7142857142857,3232.0,2.142857142857143,15.0,1.4285714285714286,18.571428571428573,0.0,3.0,0.0,1477.660412598,10.0,2.0,1318.0,,382.8,1.0,,,,,,2018
WC-2018,T-56,Peru,15,0.7333333333333333,0.2,1566.864871941881,1723.6551452635,1391.1266043521427,0.0,3.0,3.0,657.7272727272727,7235.0,2.5454545454545454,28.0,1.4545454545454546,21.0,8.333333333333334,3.6666666666666665,1355.3333333333333,1557.3908748078213,0.25,0.75,310.75,1585.81286621,225.0,0.6666666666666666,,4.0,1251.0,17.0,,2018
WC-2018,T-57,Poland,21,1.0,0.9523809523809523,1642.3798435457206,1960.98693848,1336.30735778875,0.2,16.0,9.0,917.6666666666666,19271.0,4.809523809523809,101.0,2.8095238095238093,33.95238095238095,17.5,3.0,294.0,1742.6531677225,3.4285714285714284,4.857142857142857,576.1428571428571,1604.1260747253752,671.5714285714286,1.0,1584.1525835310001,12.0,3120.3333333333335,42.333333333333336,1721.0532223183889,2018
WC-2018,T-58,Portugal,23,0.9565217391304348,0.9565217391304348,1722.7563231118465,2022.88867188,1342.34777832,0.13636363636363635,16.0,11.0,1400.3181818181818,30807.0,6.090909090909091,134.0,5.0,37.09090909090909,15.2,9.0,856.4,1795.872241212,6.285714285714286,7.142857142857143,1311.5714285714287,1731.3429772522322,752.7142857142857,2.0,1690.9188058042857,16.666666666666668,4025.0,46.333333333333336,1655.1484736683333,2018
WC-2018,T-62,Russia,20,1.0,1.0,1681.966636046475,1761.08190918,1580.12670898,0.0,9.0,3.0,1023.0,20460.0,3.25,65.0,3.05,32.55,14.0,6.0,137.0,1673.42333984,4.9,4.6,915.7,1712.5124461362625,290.6666666666667,0.3333333333333333,1631.851285296875,15.0,3140.6666666666665,34.333333333333336,1683.225735981875,2018
WC-2018,T-65,Senegal,16,1.0,1.0,1649.7362846372812,1915.98413086,1454.20800781,0.125,15.0,8.0,726.375,11622.0,4.5,72.0,2.875,32.3125,11.0,6.0,406.6,1686.7652612316,3.0,2.25,1453.75,1647.9213867175,122.6,1.0,1615.9187792958,2.5,1580.5,32.0,1645.33740234475,2018
WC-2018,T-66,Serbia,19,1.0,0.9473684210526315,1664.5575471828824,1883.58837891,1306.1147809707145,0.1111111111111111,18.0,12.0,1482.157894736842,28161.0,4.2631578947368425,81.0,3.0526315789473686,34.10526315789474,10.0,3.6666666666666665,564.0,1674.6026590978333,5.0,4.0,1029.142857142857,1669.402170090238,1590.8333333333333,2.6666666666666665,1701.204711915,12.666666666666666,3240.0,43.0,1522.5922049383573,2018
WC-2018,T-71,South Korea,20,0.65,0.25,1733.8292944340778,1913.50280762,1649.3438720695,0.2,5.0,5.0,310.15384615384613,4032.0,3.230769230769231,42.0,2.0,17.153846153846153,12.333333333333334,7.0,456.3333333333333,1818.57897644175,1.0,0.6,460.6,1677.329506428963,0.0,0.0,,2.0,360.0,3.0,,2018
WC-2018,T-73,Spain,23,0.8695652173913043,0.8260869565217391,1932.6707657668157,2027.20507812,1723.6551452635,0.7368421052631579,11.0,5.0,1550.3,31006.0,6.0,120.0,5.45,43.6,13.4,9.4,550.2,1931.697540285,5.8,6.0,1474.6,2006.29897461,1388.857142857143,3.4285714285714284,1926.0222856790715,17.0,3720.0,40.666666666666664,1826.7678385420002,2018
WC-2018,T-74,Sweden,18,1.0,0.8333333333333334,1613.9632514203872,1883.58837891,1391.1266043521427,0.06666666666666667,14.0,8.0,941.6111111111111,16949.0,3.0,54.0,1.7777777777777777,30.666666666666668,8.333333333333334,3.0,349.6666666666667,1706.46960449,4.166666666666667,3.5,718.0,1611.6413391098333,620.6666666666666,0.6666666666666666,1639.9804075475276,9.0,2622.6666666666665,39.666666666666664,1496.6243434358214,2018
WC-2018,T-75,Switzerland,23,1.0,0.9130434782608695,1684.8017947252142,1960.98693848,1452.07397461,0.047619047619047616,17.0,8.0,1326.9130434782608,30519.0,3.5652173913043477,82.0,2.5652173913043477,31.0,9.5,3.5,466.75,1710.4247233066665,2.75,3.125,1366.5,1660.9093925491875,1309.125,2.75,1695.5602748337144,7.666666666666667,2415.6666666666665,36.666666666666664,1697.78881836,2018
WC-2018,T-79,Tunisia,11,1.0,0.7272727272727273,1555.127428352889,1641.33093262,1418.6501953135,0.0,8.0,4.0,1123.4545454545455,12358.0,4.0,44.0,1.4545454545454546,30.90909090909091,6.8,2.8,606.0,1627.4602498398333,4.0,1.0,763.0,1602.1220825195,1466.25,1.5,1512.6221331568704,7.0,2700.0,40.0,1418.6501953135,2018
WC-2018,T-84,Uruguay,21,0.8095238095238095,0.6666666666666666,1785.763330078,2027.20507812,1563.2121582,0.35714285714285715,13.0,7.0,1022.4117647058823,17381.0,8.647058823529411,147.0,4.176470588235294,35.411764705882355,22.4,9.2,702.4,1846.5059143055,3.6666666666666665,2.1666666666666665,834.0,1720.3489379875,1089.0,2.6,1818.203149416,13.0,3420.0,40.0,1642.25146484,2018
WC-2022,T-03,Argentina,25,0.88,0.88,1783.9776686238183,1903.29638672,1668.19116211,0.22727272727272727,14.0,8.0,1351.909090909091,29742.0,4.863636363636363,107.0,3.590909090909091,37.68181818181818,13.8,8.0,544.4,1841.22595215,3.142857142857143,2.857142857142857,1374.7142857142858,1765.2204031803572,1244.875,2.0,1772.4918296814374,14.5,3719.0,47.5,1752.45074463,2022
WC-2022,T-04,Australia,25,0.92,0.48,1456.031564372243,1785.82128906,1230.90431976375,0.0,11.0,10.0,680.304347826087,15647.0,3.5217391304347827,81.0,2.5217391304347827,24.304347826086957,9.714285714285714,5.142857142857143,470.85714285714283,1390.151682535,1.8,2.2,1386.6,1518.3203608195834,283.5,0.5,1385.5703516614167,3.3333333333333335,1050.0,16.0,1690.9422058115,2022
WC-2022,T-06,Belgium,25,1.0,0.92,1775.6643215007828,2029.19641113,1535.93103027,0.2608695652173913,17.0,12.0,1122.68,28067.0,6.56,164.0,3.52,39.08,11.0,4.333333333333333,441.22222222222223,1781.796543121375,6.875,4.875,1035.25,1796.42918395875,712.2,2.0,1716.41325530925,17.0,4084.3333333333335,53.0,1782.9401855466667,2022
WC-2022,T-09,Brazil,26,0.8846153846153846,0.8846153846153846,1871.8992137083044,2029.19641113,1636.2902832,0.6521739130434783,15.0,6.0,1232.4782608695652,28347.0,6.304347826086956,145.0,5.086956521739131,39.65217391304348,12.125,8.875,450.25,1880.773166657625,5.8,5.0,1062.4,1867.4780273439999,1265.0,2.375,1830.209869385,26.0,4656.5,40.5,2014.213745115,2022
WC-2022,T-11,Cameroon,22,0.9090909090909091,0.6818181818181818,1644.208923685999,2014.21472168,1308.6924961635716,0.13333333333333333,15.0,11.0,566.5,11330.0,2.9,58.0,2.3,25.85,8.166666666666666,5.666666666666667,511.6666666666667,1756.7163452164998,0.8333333333333334,1.1666666666666667,186.83333333333334,1612.6303537997167,635.8,0.8,1566.6660897717777,4.333333333333333,1320.0,17.333333333333332,1558.2010454467859,2022
WC-2022,T-12,Canada,24,0.8333333333333334,0.4583333333333333,1545.258428300451,2014.21472168,1230.90431976375,0.09090909090909091,10.0,10.0,584.2,11684.0,3.1,62.0,1.1,21.95,7.8,1.8,431.2,1675.8478569866668,2.5714285714285716,1.7142857142857142,502.7142857142857,1516.295981512361,296.5,0.8333333333333334,1419.4055810353968,12.0,2115.0,13.5,1230.90431976375,2022
WC-2022,T-17,Costa Rica,14,0.7857142857142857,0.14285714285714285,1797.11929626575,1903.29638672,1690.9422058115,0.5,2.0,2.0,1011.8181818181819,11130.0,1.6363636363636365,18.0,2.272727272727273,27.272727272727273,4.0,4.0,240.0,,2.0,3.5,1222.5,,443.5,1.0,1690.9422058115,5.0,1334.0,14.5,1903.29638672,2022
WC-2022,T-18,Croatia,26,1.0,0.8846153846153846,1689.5301964800433,2014.21472168,1383.6532348639998,0.13043478260869565,21.0,11.0,1310.7692307692307,34080.0,6.0,156.0,4.538461538461538,39.19230769230769,15.0,6.666666666666667,637.5,1649.486537171375,6.0,6.625,1173.75,1828.218654086,1225.0,2.0,1666.2942647306108,15.0,3280.0,34.0,1489.0231363926666,2022
WC-2022,T-22,Denmark,25,1.0,0.92,1702.9006345811529,1881.62841797,1366.325492858125,0.13043478260869565,21.0,11.0,953.12,23828.0,3.72,93.0,3.44,31.24,9.8,3.6,436.0,1741.5062866225,2.3333333333333335,4.333333333333333,604.6666666666666,1738.218334196625,1138.875,2.875,1663.9263987021059,6.0,2365.0,34.0,1661.1771952288889,2022
WC-2022,T-25,Ecuador,21,0.7142857142857143,0.3333333333333333,1627.8009290374098,1761.05371094,1461.4867214633332,0.0,7.0,6.0,540.6666666666666,8110.0,3.2,48.0,1.7333333333333334,24.533333333333335,6.5,2.5,243.5,1672.13415527,5.0,2.0,571.6666666666666,1557.7675522315487,599.0,0.7142857142857143,1683.0565637657407,,,,,2022
WC-2022,T-28,England,26,1.0,0.9615384615384616,1886.1085082992802,2029.19641113,1697.43737793,0.64,14.0,6.0,1257.6923076923076,32700.0,6.0,156.0,4.923076923076923,39.19230769230769,12.5,5.333333333333333,654.1666666666666,1924.0970458966667,8.5,8.75,1360.25,1860.8594970685715,838.1111111111111,1.4444444444444444,1908.708811440111,10.333333333333334,3450.0,52.0,1801.2448832203333,2022
WC-2022,T-30,France,25,1.0,0.96,1839.7781016025,2014.21472168,1713.40686035,0.4583333333333333,16.0,9.0,1042.16,26054.0,6.36,159.0,5.08,39.12,16.375,9.875,572.25,1872.2612304699999,2.8333333333333335,5.833333333333333,776.5,1769.3724975583334,1179.625,1.375,1881.84431457375,11.333333333333334,2460.0,25.666666666666668,1792.61877441,2022
WC-2022,T-31,Germany,26,1.0,0.9615384615384616,1868.9667042371286,2029.19641113,1646.22229004,0.52,15.0,8.0,1157.6538461538462,30099.0,6.8076923076923075,177.0,6.1923076923076925,39.07692307692308,15.0,6.8,336.8,1831.65964508025,9.333333333333334,10.444444444444445,666.6666666666666,1930.96625434,1138.2222222222222,2.0,1815.2409230930248,12.0,4057.0,52.0,1893.8881429033333,2022
WC-2022,T-32,Ghana,23,1.0,0.8695652173913043,1667.4657724849208,1920.59619141,1460.3324096689998,0.05,19.0,11.0,668.0434782608696,15365.0,3.3043478260869565,76.0,2.4347826086956523,30.0,9.25,5.75,443.0,1639.0780660005,3.888888888888889,2.4444444444444446,617.4444444444445,1735.4029166090002,329.5,0.5,1670.305213037698,5.5,2700.0,51.5,1460.9095655661665,2022
WC-2022,T-38,Iran,12,1.0,0.75,1586.1326592785056,1839.38415527,1308.6924961635716,0.0,9.0,9.0,948.1666666666666,11378.0,4.583333333333333,55.0,4.166666666666667,28.0,18.5,11.0,839.5,1798.69073486,3.75,5.5,849.0,1653.291137695889,626.0,1.0,1346.1728655137858,3.6666666666666665,1475.0,25.0,1512.7966598356566,2022
WC-2022,T-44,Japan,22,0.8636363636363636,0.7727272727272727,1629.0017279120607,1999.2310791,1461.4867214633332,0.11764705882352941,16.0,11.0,972.3684210526316,18475.0,4.0,76.0,3.0526315789473686,29.68421052631579,5.5,4.5,742.0,1667.0729234486112,5.8,4.1,1027.3,1628.442549265448,654.6666666666666,1.1666666666666667,1653.2428283725,11.0,2790.0,36.0,1461.4867214633332,2022
WC-2022,T-46,Mexico,26,1.0,0.34615384615384615,1750.7049130289693,1903.57458496,1530.13598633,0.1111111111111111,9.0,6.0,1122.8076923076924,29193.0,2.769230769230769,72.0,2.5,33.19230769230769,5.5,4.25,698.375,1844.6378326405002,2.5,2.6666666666666665,1084.0,1773.9798278803335,756.8888888888889,1.4444444444444444,1686.2822670846804,14.333333333333334,3430.0,42.333333333333336,,2022
WC-2022,T-47,Morocco,22,1.0,0.8181818181818182,1677.197617931769,1903.29638672,1461.4867214633332,0.16666666666666666,16.0,9.0,884.5909090909091,19461.0,4.090909090909091,90.0,2.6818181818181817,32.5,5.25,3.75,551.25,1700.4008382166667,4.888888888888889,2.6666666666666665,534.0,1606.6858228469687,1091.25,3.125,1753.2616752860151,16.0,3720.0,33.0,1715.29797363,2022
WC-2022,T-48,Netherlands,26,1.0,0.9230769230769231,1790.2055447901666,2029.19641113,1415.23815918,0.25,14.0,9.0,1159.9615384615386,30159.0,5.423076923076923,141.0,4.269230769230769,38.73076923076923,9.428571428571429,5.714285714285714,645.5714285714286,1806.7390797918333,7.428571428571429,5.857142857142857,750.4285714285714,1766.2543029805,1432.888888888889,2.5555555555555554,1842.1631130644444,13.666666666666666,2497.0,23.0,1649.1682535833334,2022
WC-2022,T-57,Poland,26,1.0,0.9230769230769231,1561.5939285359689,2014.21472168,1308.6924961635716,0.08333333333333333,22.0,11.0,831.7692307692307,21626.0,5.8076923076923075,151.0,2.730769230769231,34.61538461538461,20.25,3.25,364.25,1670.697873795893,5.181818181818182,4.454545454545454,636.0909090909091,1525.0743433562113,295.375,1.625,1531.1495573258433,16.666666666666668,3603.0,42.333333333333336,1608.890818278889,2022
WC-2022,T-58,Portugal,26,1.0,0.9615384615384616,1841.86592919738,2029.19641113,1690.9422058115,0.4,14.0,8.0,1258.4615384615386,32720.0,6.423076923076923,167.0,4.923076923076923,42.26923076923077,15.571428571428571,7.142857142857143,627.1428571428571,1855.107722690143,4.75,6.5,938.0,1793.5370910615625,1101.375,2.5,1907.7874058300001,16.666666666666668,4005.0,46.0,1786.0285339336667,2022
WC-2022,T-59,Qatar,13,1.0,0.0,,,,,,,679.7692307692307,8837.0,3.230769230769231,42.0,2.923076923076923,19.846153846153847,12.0,12.0,638.0,,2.4,2.4,239.8,,320.6666666666667,2.0,,7.333333333333333,1800.0,31.333333333333332,,2022
WC-2022,T-63,Saudi Arabia,1,1.0,0.0,,,,,,,0.0,0.0,0.0,0.0,3.0,34.0,,,,,,,,,0.0,0.0,,,,,,2022
WC-2022,T-65,Senegal,25,1.0,0.96,1693.5202343828994,1903.57458496,1401.8505981439998,0.16666666666666666,21.0,11.0,955.16,23879.0,3.28,82.0,1.88,30.8,7.833333333333333,3.8333333333333335,393.1666666666667,1675.6918029781998,1.8571428571428572,1.0,863.5714285714286,1709.9827584394286,615.0,2.4444444444444446,1684.8027567539443,15.0,3313.3333333333335,35.333333333333336,1710.9741634790278,2022
WC-2022,T-66,Serbia,24,1.0,0.9583333333333334,1683.229376179159,1951.12414551,1308.6924961635716,0.08695652173913043,20.0,14.0,1282.7083333333333,30785.0,5.125,123.0,3.8333333333333335,32.958333333333336,15.333333333333334,6.5,427.1666666666667,1784.6314137785832,3.0,5.75,1208.75,1658.4911411820715,1673.142857142857,1.0,1627.9523348727653,7.333333333333333,2280.0,27.666666666666668,1656.948010252,2022
WC-2022,T-71,South Korea,22,0.6363636363636364,0.3181818181818182,1697.8756328020177,1875.4041748,1456.510520935625,0.14285714285714285,7.0,7.0,525.7142857142857,7360.0,3.642857142857143,51.0,1.8571428571428572,21.214285714285715,11.0,2.0,230.0,1619.255773926,5.428571428571429,3.142857142857143,513.5714285714286,1718.7479000836252,599.0,0.4,1672.13415527,2.0,540.0,7.0,,2022
WC-2022,T-73,Spain,26,1.0,0.9230769230769231,1837.8860832226458,2029.19641113,1689.67431641,0.5,13.0,7.0,1264.423076923077,32875.0,4.8076923076923075,125.0,3.1923076923076925,38.23076923076923,9.5,4.875,575.625,1833.19142369,4.285714285714286,3.0,1105.4285714285713,1848.5393938357142,1452.75,2.375,1867.8294154585715,10.333333333333334,2970.0,36.666666666666664,1754.1147888178332,2022
WC-2022,T-75,Switzerland,25,1.0,0.96,1696.1431539196226,1920.59619141,1460.3324096689998,0.08333333333333333,16.0,8.0,1525.68,38142.0,3.24,81.0,3.24,32.76,8.0,5.75,748.5,1766.2960114657408,4.0,4.8,1487.2,1666.2430096460498,1011.7142857142857,1.2857142857142858,1697.188964844286,11.0,3298.5,50.0,1716.4487023258055,2022
WC-2022,T-79,Tunisia,14,1.0,0.5714285714285714,1472.349247297349,1649.37341309,1309.8915812175,0.0,8.0,7.0,831.5,11641.0,3.7142857142857144,52.0,2.9285714285714284,26.428571428571427,7.75,3.0,514.5,1440.7898406983334,2.8,3.0,705.4,1479.6324971537501,1131.5,1.75,1484.4873256686562,10.0,1530.0,9.0,,2022
WC-2022,T-83,United States,26,0.8076923076923077,0.6538461538461539,1697.1596365543644,1881.62841797,1478.45776367,0.11764705882352941,16.0,11.0,867.3809523809524,18215.0,2.9047619047619047,61.0,2.5238095238095237,29.047619047619047,6.142857142857143,4.0,448.7142857142857,1727.0067958113705,1.8,2.2,1101.6,1702.9864976697222,1160.7142857142858,1.2857142857142858,1694.4987182633333,3.0,720.5,10.0,1510.7347462970831,2022
WC-2022,T-84,Uruguay,25,0.76,0.72,1751.622504679139,1951.12414551,1576.3416748,0.2777777777777778,15.0,9.0,736.2105263157895,13988.0,3.8947368421052633,74.0,1.894736842105263,33.473684210526315,10.8,2.0,316.8,1751.303393554,1.6,2.6,218.8,1812.083374022,1014.0,1.5,1733.0780735563571,13.0,3198.0,43.0,1580.72473145,2022
WC-2022,T-85,Wales,26,1.0,0.8076923076923077,1643.5373748285874,1951.12414551,1330.6880391433333,0.14285714285714285,15.0,6.0,729.4615384615385,18966.0,2.9615384615384617,77.0,3.3076923076923075,29.0,7.4,3.8,514.4,1689.5736796062915,3.6666666666666665,5.888888888888889,428.8888888888889,1524.7935078929168,1162.6666666666667,0.7777777777777778,1692.9089444470833,2.6666666666666665,690.0,8.666666666666666,1687.9858500136668,2022
